university,year,university_profile,domestic_enrolment,international_enrolment,graduate_share,professional_program_share,avg_domestic_tuition,avg_international_tuition,operating_grant,special_purpose_grants,inflation_rate,provincial_budget_growth,tuition_policy,international_policy_pressure,total_enrolment,international_share,domestic_share,domestic_tuition_revenue,international_tuition_revenue,total_tuition_revenue,total_grants,funding_per_student,grant_dependency_ratio,international_tuition_dependency_ratio,total_enrolment_yoy_growth,tuition_revenue_yoy_growth,operating_grant_yoy_growth,high_international_exposure_flag,high_grant_dependency_flag
Brock University,2016,smaller_regional,7486.0,1896,0.267,0.168,9460.26,36824.9,222606240,21361544,0.061,0.012,market_growth,0,9382.0,0.2021,0.7979,70819506.36,69820010.4,140639516.76,243967784,23726.95,0.6128,0.4964,,,,0,1
Brock University,2017,smaller_regional,7427.0,1963,0.187,0.064,8642.06,50706.02,219726451,23773811,0.041,0.007,market_growth,0,9390.0,0.2091,0.7909,64184579.62,99535917.26,163720496.88,243500262,23400.05,0.573,0.608,0.0009,0.1641,-0.0129,0,1
Brock University,2018,smaller_regional,7281.0,2330,0.166,0.077,7765.25,50290.36,219088930,10093148,0.045,-0.005,market_growth,0,9611.0,0.2424,0.7576,56538785.25,117176538.8,173715324.05,229182078,22795.64,0.5578,0.6745,0.0235,0.061,-0.0029,0,1
Brock University,2019,smaller_regional,7135.0,1977,0.211,0.045,8889.0,37518.38,242220185,8064643,0.034,0.043,tuition_freeze,0,9112.0,0.217,0.783,63423015.0,74173837.26,137596852.26,250284828,26582.55,0.6377,0.5391,-0.0519,-0.2079,0.1056,0,1
Brock University,2020,smaller_regional,7378.0,1755,0.241,0.078,8500.0,56703.26,228804648,24281663,0.026,0.024,tuition_freeze,0,9133.0,0.1922,0.8078,62713000.0,99514221.3,162227221.3,253086311,25052.52,0.5851,0.6134,0.0023,0.179,-0.0554,0,1
Brock University,2021,smaller_regional,7705.0,2671,0.236,0.169,8201.0,45798.5,256108779,13806022,0.03,0.031,tuition_freeze,0,10376.0,0.2574,0.7426,63188705.0,122327793.5,185516498.5,269914801,24682.8,0.5799,0.6594,0.1361,0.1436,0.1193,0,1
Brock University,2022,smaller_regional,6871.0,2578,0.202,0.149,9115.0,47526.6,247564057,26189315,0.019,0.043,tuition_freeze,0,9449.0,0.2728,0.7272,62629165.0,122523574.8,185152739.8,273753372,26200.03,0.5721,0.6617,-0.0893,-0.002,-0.0334,0,1
Brock University,2023,smaller_regional,8258.0,2570,0.195,0.145,8840.0,46727.73,282783828,22334447,0.037,-0.001,tuition_freeze,0,10828.0,0.2373,0.7627,73000720.0,120090266.1,193090986.1,305118275,26115.98,0.5942,0.6219,0.1459,0.0429,0.1423,0,1
Brock University,2024,smaller_regional,9392.0,1385,0.133,0.045,9481.0,35349.5,265080173,18224759,0.016,-0.005,tuition_freeze,1,10777.0,0.1285,0.8715,89045552.0,48959057.5,138004609.5,283304932,24596.84,0.6576,0.3548,-0.0047,-0.2853,-0.0626,0,1
Brock University,2025,smaller_regional,8329.0,1299,0.27,0.168,8399.0,54074.1,274908721,21387367,0.041,0.005,tuition_freeze,1,9628.0,0.1349,0.8651,69955271.0,70242255.9,140197526.9,296296088,28553.05,0.6623,0.501,-0.1066,0.0159,0.0371,0,1
Brock University,2026,smaller_regional,10737.0,1735,0.196,0.074,7492.0,43793.94,354323686,32848145,0.058,0.011,tuition_freeze,1,12472.0,0.1391,0.8609,80441604.0,75982485.9,156424089.9,387171831,28409.53,0.6937,0.4857,0.2954,0.1157,0.2889,0,1
Carleton University,2016,mid_comprehensive,17974.0,5767,0.307,0.045,9034.7,44314.21,367463424,20452800,0.061,0.012,market_growth,0,23741.0,0.2429,0.7571,162389697.8,255560049.07,417949746.87,387916224,15478.01,0.4679,0.6115,,,,0,0
Carleton University,2017,mid_comprehensive,18262.0,6008,0.23,0.099,8771.66,52156.01,378104796,17403684,0.041,0.007,market_growth,0,24270.0,0.2475,0.7525,160188054.92,313353308.08,473541363.0,395508480,15579.1,0.444,0.6617,0.0223,0.133,0.029,0,0
Carleton University,2018,mid_comprehensive,19503.0,7137,0.266,0.058,8843.53,55780.52,387938014,38580367,0.045,-0.005,market_growth,0,26640.0,0.2679,0.7321,172475365.59,398105571.24,570580936.83,426518381,14562.24,0.4047,0.6977,0.0977,0.2049,0.026,0,0
Carleton University,2019,mid_comprehensive,18898.0,5492,0.293,0.119,8623.0,63073.42,391153281,26489915,0.034,0.043,tuition_freeze,0,24390.0,0.2252,0.7748,162957454.0,346399222.64,509356676.64,417643196,16037.44,0.4344,0.6801,-0.0845,-0.1073,0.0083,0,0
Carleton University,2020,mid_comprehensive,19590.0,5779,0.268,0.073,7112.0,44323.19,413304649,17664499,0.026,0.024,tuition_freeze,0,25369.0,0.2278,0.7722,139324080.0,256143715.01,395467795.01,430969148,16291.72,0.511,0.6477,0.0401,-0.2236,0.0566,0,1
Carleton University,2021,mid_comprehensive,19785.0,4577,0.219,0.095,8658.0,47124.17,360514367,11330588,0.03,0.031,tuition_freeze,0,24362.0,0.1879,0.8121,171298530.0,215687326.09,386985856.09,371844955,14798.23,0.4823,0.5574,-0.0397,-0.0214,-0.1277,0,0
Carleton University,2022,mid_comprehensive,17693.0,7010,0.131,0.174,7127.0,55633.61,313136953,16763297,0.019,0.043,tuition_freeze,0,24703.0,0.2838,0.7162,126098011.0,389991606.1,516089617.1,329900250,12676.07,0.3776,0.7557,0.014,0.3336,-0.1314,0,0
Carleton University,2023,mid_comprehensive,18049.0,10166,0.311,0.135,9426.0,39046.11,391494489,11783415,0.037,-0.001,tuition_freeze,0,28215.0,0.3603,0.6397,170129874.0,396942754.26,567072628.26,403277904,13875.4,0.4084,0.7,0.1422,0.0988,0.2502,1,0
Carleton University,2024,mid_comprehensive,15777.0,1828,0.138,0.124,8943.0,55257.1,333247551,25948714,0.016,-0.005,tuition_freeze,1,17605.0,0.1038,0.8962,141093711.0,101009978.8,242103689.8,359196265,18929.14,0.5792,0.4172,-0.376,-0.5731,-0.1488,0,1
Carleton University,2025,mid_comprehensive,15272.0,4322,0.276,0.056,8111.0,59625.06,324648404,24242474,0.041,0.005,tuition_freeze,1,19594.0,0.2206,0.7794,123871192.0,257699509.32,381570701.32,348890878,16568.77,0.4597,0.6754,0.113,0.5761,-0.0258,0,0
Carleton University,2026,mid_comprehensive,20622.0,8271,0.314,0.136,8801.0,38134.18,460884906,22142390,0.058,0.011,tuition_freeze,1,28893.0,0.2863,0.7137,181494222.0,315407802.78,496902024.78,483027296,15951.44,0.4812,0.6347,0.4746,0.3023,0.4196,0,0
Lakehead University,2016,northern_regional,10600.0,2401,0.161,0.163,8425.43,45761.84,159790594,12377745,0.061,0.012,market_growth,0,13001.0,0.1847,0.8153,89309558.0,109874177.84,199183735.84,172168339,12290.64,0.4451,0.5516,,,,0,0
Lakehead University,2017,northern_regional,10021.0,2483,0.286,0.083,7163.51,43811.68,160384165,13155276,0.041,0.007,market_growth,0,12504.0,0.1986,0.8014,71785533.71,108784401.44,180569935.15,173539441,12826.63,0.4704,0.6025,-0.0382,-0.0935,0.0037,0,0
Lakehead University,2018,northern_regional,10554.0,3156,0.204,0.15,6870.81,56215.37,177727569,10009864,0.045,-0.005,market_growth,0,13710.0,0.2302,0.7698,72514528.74,177415707.72,249930236.46,187737433,12963.35,0.4156,0.7099,0.0964,0.3841,0.1081,0,0
Lakehead University,2019,northern_regional,11538.0,2908,0.301,0.126,7550.0,48565.09,161893313,10946352,0.034,0.043,tuition_freeze,0,14446.0,0.2013,0.7987,87111900.0,141227281.72,228339181.72,172839665,11206.79,0.4149,0.6185,0.0537,-0.0864,-0.0891,0,0
Lakehead University,2020,northern_regional,10985.0,2970,0.247,0.118,7164.0,38450.62,166790777,5586312,0.026,0.024,tuition_freeze,0,13955.0,0.2128,0.7872,78696540.0,114198341.4,192894881.4,172377089,11952.04,0.4637,0.592,-0.034,-0.1552,0.0303,0,0
Lakehead University,2021,northern_regional,11280.0,2741,0.229,0.103,7281.0,47116.89,169049717,5353617,0.03,0.031,tuition_freeze,0,14021.0,0.1955,0.8045,82129680.0,129147395.49,211277075.49,174403334,12056.89,0.4445,0.6113,0.0047,0.0953,0.0135,0,0
Lakehead University,2022,northern_regional,10809.0,3530,0.225,0.138,9143.0,37712.9,137491526,9550456,0.019,0.043,tuition_freeze,0,14339.0,0.2462,0.7538,98826687.0,133126537.0,231953224.0,147041982,9588.64,0.3722,0.5739,0.0227,0.0979,-0.1867,0,0
Lakehead University,2023,northern_regional,10938.0,4732,0.288,0.148,8464.0,33901.0,201342931,7353470,0.037,-0.001,tuition_freeze,0,15670.0,0.302,0.698,92579232.0,160419532.0,252998764.0,208696401,12848.94,0.4432,0.6341,0.0928,0.0907,0.4644,1,0
Lakehead University,2024,northern_regional,9061.0,3356,0.236,0.088,6824.0,47189.22,144312577,9159805,0.016,-0.005,tuition_freeze,1,12417.0,0.2703,0.7297,61832264.0,158367022.32,220199286.32,153472382,11622.18,0.3959,0.7192,-0.2076,-0.1296,-0.2832,0,0
Lakehead University,2025,northern_regional,7973.0,3955,0.2,0.138,6930.0,62071.86,164843086,7629970,0.041,0.005,tuition_freeze,1,11928.0,0.3316,0.6684,55252890.0,245494206.3,300747096.3,172473056,13819.84,0.3541,0.8163,-0.0394,0.3658,0.1423,1,0
Lakehead University,2026,northern_regional,12680.0,1406,0.295,0.112,6901.0,57362.22,169541258,18117593,0.058,0.011,tuition_freeze,1,14086.0,0.0998,0.9002,87504680.0,80651281.32,168155961.32,187658851,12036.15,0.5021,0.4796,0.1809,-0.4409,0.0285,0,1
Laurentian University,2016,northern_regional,4671.0,2469,0.284,0.088,9650.79,51251.01,224934935,14404713,0.061,0.012,market_growth,0,7140.0,0.3458,0.6542,45078840.09,126538743.69,171617583.78,239339648,31503.49,0.5672,0.7373,,,,1,1
Laurentian University,2017,northern_regional,4688.0,2572,0.23,0.115,8013.85,51014.17,222671238,24273829,0.041,0.007,market_growth,0,7260.0,0.3543,0.6457,37568928.8,131208445.24,168777374.04,246945067,30670.97,0.5688,0.7774,0.0168,-0.0165,-0.0101,1,1
Laurentian University,2018,northern_regional,4880.0,2637,0.146,0.086,7034.71,33968.9,218521742,7256830,0.045,-0.005,market_growth,0,7517.0,0.3508,0.6492,34329384.8,89575989.3,123905374.1,225778572,29070.34,0.6382,0.7229,0.0354,-0.2659,-0.0186,1,1
Laurentian University,2019,northern_regional,4625.0,2729,0.216,0.136,8308.0,34777.76,235933439,15356726,0.034,0.043,tuition_freeze,0,7354.0,0.3711,0.6289,38424500.0,94908507.04,133333007.04,251290165,32082.33,0.6389,0.7118,-0.0217,0.0761,0.0797,1,1
Laurentian University,2020,northern_regional,4413.0,2963,0.195,0.04,9313.0,63225.71,238708486,16455015,0.026,0.024,tuition_freeze,0,7376.0,0.4017,0.5983,41098269.0,187337778.73,228436047.73,255163501,32362.86,0.511,0.8201,0.003,0.7133,0.0118,1,1
Laurentian University,2021,northern_regional,4938.0,3097,0.227,0.169,8091.0,44452.33,191889776,19762549,0.03,0.031,tuition_freeze,0,8035.0,0.3854,0.6146,39953358.0,137668866.01,177622224.01,211652325,23881.74,0.5193,0.7751,0.0893,-0.2224,-0.1961,1,1
Laurentian University,2022,northern_regional,5317.0,2680,0.226,0.141,8361.0,57948.71,216343295,17272270,0.019,0.043,tuition_freeze,0,7997.0,0.3351,0.6649,44455437.0,155302542.8,199757979.8,233615565,27053.06,0.5199,0.7775,-0.0047,0.1246,0.1274,1,1
Laurentian University,2023,northern_regional,5191.0,2714,0.289,0.145,7577.0,63884.81,289647916,11738101,0.037,-0.001,tuition_freeze,0,7905.0,0.3433,0.6567,39332207.0,173383374.34,212715581.34,301386017,36641.1,0.5766,0.8151,-0.0115,0.0649,0.3388,1,1
Laurentian University,2024,northern_regional,4204.0,1422,0.267,0.066,7134.0,41492.75,276178184,24100964,0.016,-0.005,tuition_freeze,1,5626.0,0.2528,0.7472,29991336.0,59002690.5,88994026.5,300279148,49089.62,0.7563,0.663,-0.2883,-0.5816,-0.0465,0,1
Laurentian University,2025,northern_regional,6063.0,2687,0.227,0.073,6936.0,43781.89,263710852,18296846,0.041,0.005,tuition_freeze,1,8750.0,0.3071,0.6929,42052968.0,117641938.43,159694906.43,282007698,30138.38,0.6228,0.7367,0.5553,0.7944,-0.0451,1,1
Laurentian University,2026,northern_regional,4751.0,888,0.25,0.107,7789.0,52304.23,240595230,11976466,0.058,0.011,tuition_freeze,1,5639.0,0.1575,0.8425,37005539.0,46446156.24,83451695.24,252571696,42666.29,0.7425,0.5566,-0.3555,-0.4774,-0.0877,0,1
McMaster University,2016,large_research,50403.0,8757,0.228,0.068,8752.52,60175.68,656112548,69271419,0.061,0.012,market_growth,0,59160.0,0.148,0.852,441153265.56,526958429.76,968111695.32,725383967,11090.48,0.404,0.5443,,,,0,0
McMaster University,2017,large_research,50929.0,9364,0.259,0.163,8112.11,40919.83,661458684,44577103,0.041,0.007,market_growth,0,60293.0,0.1553,0.8447,413141650.19,383173288.12,796314938.31,706035787,10970.74,0.4537,0.4812,0.0192,-0.1775,0.0081,0,0
McMaster University,2018,large_research,48564.0,10227,0.141,0.104,8899.8,61287.45,645384710,70536347,0.045,-0.005,market_growth,0,58791.0,0.174,0.826,432209887.2,626786751.15,1058996638.35,715921057,10977.61,0.3787,0.5919,-0.0249,0.3299,-0.0243,0,0
McMaster University,2019,large_research,50483.0,8472,0.297,0.085,9360.0,38188.03,693987698,33681815,0.034,0.043,tuition_freeze,0,58955.0,0.1437,0.8563,472520880.0,323528990.16,796049870.16,727669513,11771.48,0.4658,0.4064,0.0028,-0.2483,0.0753,0,0
McMaster University,2020,large_research,50828.0,9131,0.301,0.078,8052.0,56350.17,658425345,46758129,0.026,0.024,tuition_freeze,0,59959.0,0.1523,0.8477,409267056.0,514533402.27,923800458.27,705183474,10981.26,0.4161,0.557,0.017,0.1605,-0.0512,0,0
McMaster University,2021,large_research,46429.0,8944,0.153,0.115,8651.0,56137.47,697826997,30789692,0.03,0.031,tuition_freeze,0,55373.0,0.1615,0.8385,401657279.0,502093531.68,903750810.68,728616689,12602.3,0.4357,0.5556,-0.0765,-0.0217,0.0598,0,0
McMaster University,2022,large_research,64892.0,11008,0.174,0.074,6877.0,40385.51,595917954,34569212,0.019,0.043,tuition_freeze,0,75900.0,0.145,0.855,446262284.0,444563694.08,890825978.08,630487166,7851.36,0.4008,0.499,0.3707,-0.0143,-0.146,0,0
McMaster University,2023,large_research,50157.0,10212,0.232,0.097,9421.0,54310.45,665359983,23039695,0.037,-0.001,tuition_freeze,0,60369.0,0.1692,0.8308,472529097.0,554618315.4,1027147412.4,688399678,11021.55,0.3931,0.54,-0.2046,0.153,0.1165,0,0
McMaster University,2024,large_research,53601.0,8182,0.259,0.14,9249.0,42132.72,684337881,62041441,0.016,-0.005,tuition_freeze,1,61783.0,0.1324,0.8676,495755649.0,344729915.04,840485564.04,746379322,11076.48,0.4488,0.4102,0.0234,-0.1817,0.0285,0,0
McMaster University,2025,large_research,50424.0,7600,0.247,0.135,8663.0,42466.15,604158776,51765320,0.041,0.005,tuition_freeze,1,58024.0,0.131,0.869,436823112.0,322742740.0,759565852.0,655924096,10412.22,0.443,0.4249,-0.0608,-0.0963,-0.1172,0,0
McMaster University,2026,large_research,34579.0,12541,0.239,0.051,9269.0,38627.32,785680301,37677491,0.058,0.011,tuition_freeze,1,47120.0,0.2662,0.7338,320512751.0,484425220.12,804937971.12,823357792,16674.03,0.4939,0.6018,-0.1879,0.0597,0.3005,0,0
Queen's University,2016,mid_research,18961.0,7973,0.25,0.071,8838.58,55095.83,311312343,30523097,0.061,0.012,market_growth,0,26934.0,0.296,0.704,167588315.38,439279052.59,606867367.97,341835440,11558.34,0.3391,0.7238,,,,0,0
Queen's University,2017,mid_research,18780.0,8582,0.185,0.145,8948.97,37125.16,321260847,31928038,0.041,0.007,market_growth,0,27362.0,0.3136,0.6864,168061656.6,318608123.12,486669779.72,353188885,11741.13,0.3976,0.6547,0.0159,-0.1981,0.032,1,0
Queen's University,2018,mid_research,19934.0,8984,0.252,0.12,9476.43,36263.02,328202258,28159004,0.045,-0.005,market_growth,0,28918.0,0.3107,0.6893,188903155.62,325786971.68,514690127.3,356361262,11349.41,0.3894,0.633,0.0569,0.0576,0.0216,1,0
Queen's University,2019,mid_research,19165.0,8333,0.173,0.074,7593.0,60724.26,331467258,27979569,0.034,0.043,tuition_freeze,0,27498.0,0.303,0.697,145519845.0,506015258.58,651535103.58,359446827,12054.23,0.3372,0.7767,-0.0491,0.2659,0.0099,1,0
Queen's University,2020,mid_research,19467.0,10014,0.298,0.128,8665.0,44021.68,349704629,35134705,0.026,0.024,tuition_freeze,0,29481.0,0.3397,0.6603,168681555.0,440833103.52,609514658.52,384839334,11862.03,0.3646,0.7233,0.0721,-0.0645,0.055,1,0
Queen's University,2021,mid_research,19754.0,13024,0.235,0.109,9397.0,43526.34,320125871,10352801,0.03,0.031,tuition_freeze,0,32778.0,0.3973,0.6027,185628338.0,566887052.16,752515390.16,330478672,9766.49,0.2984,0.7533,0.1118,0.2346,-0.0846,1,0
Queen's University,2022,mid_research,21260.0,8499,0.176,0.043,9149.0,56224.92,309384259,27683907,0.019,0.043,tuition_freeze,0,29759.0,0.2856,0.7144,194507740.0,477855595.08,672363335.08,337068166,10396.33,0.3151,0.7107,-0.0921,-0.1065,-0.0336,0,0
Queen's University,2023,mid_research,17514.0,12332,0.308,0.174,9243.0,43227.54,344653530,14772123,0.037,-0.001,tuition_freeze,0,29846.0,0.4132,0.5868,161881902.0,533082023.28,694963925.28,359425653,11547.73,0.3315,0.7671,0.0029,0.0336,0.114,1,0
Queen's University,2024,mid_research,19572.0,10320,0.306,0.1,7784.0,50018.19,363405471,25655488,0.016,-0.005,tuition_freeze,1,29892.0,0.3452,0.6548,152348448.0,516187720.8,668536168.8,389060959,12157.28,0.3522,0.7721,0.0015,-0.038,0.0544,1,0
Queen's University,2025,mid_research,18936.0,9265,0.29,0.084,8439.0,32682.1,369453272,11272340,0.041,0.005,tuition_freeze,1,28201.0,0.3285,0.6715,159800904.0,302799656.5,462600560.5,380725612,13100.72,0.444,0.6546,-0.0566,-0.308,0.0166,1,0
Queen's University,2026,mid_research,21332.0,3049,0.259,0.12,8147.0,61031.02,405242186,43966708,0.058,0.011,tuition_freeze,1,24381.0,0.1251,0.8749,173791804.0,186083579.98,359875383.98,449208894,16621.23,0.5296,0.5171,-0.1355,-0.2221,0.0969,0,1
Toronto Metropolitan University,2016,mid_comprehensive,14953.0,5039,0.205,0.071,7320.69,58998.55,373869243,19261546,0.061,0.012,market_growth,0,19992.0,0.2521,0.7479,109466277.57,297293693.45,406759971.02,393130789,18700.94,0.4789,0.7309,,,,0,0
Toronto Metropolitan University,2017,mid_comprehensive,15311.0,5218,0.149,0.112,7973.76,47298.15,373772437,35061621,0.041,0.007,market_growth,0,20529.0,0.2542,0.7458,122086239.36,246801746.7,368887986.06,408834058,18207.05,0.5033,0.669,0.0269,-0.0931,-0.0003,0,1
Toronto Metropolitan University,2018,mid_comprehensive,15435.0,4904,0.293,0.163,8786.14,55741.34,376842680,11655609,0.045,-0.005,market_growth,0,20339.0,0.2411,0.7589,135614070.9,273355531.36,408969602.26,388498289,18528.08,0.4796,0.6684,-0.0093,0.1087,0.0082,0,0
Toronto Metropolitan University,2019,mid_comprehensive,15553.0,5627,0.238,0.089,8209.0,61383.33,349720162,12518495,0.034,0.043,tuition_freeze,0,21180.0,0.2657,0.7343,127674577.0,345403997.91,473078574.91,362238657,16511.81,0.425,0.7301,0.0413,0.1568,-0.072,0,0
Toronto Metropolitan University,2020,mid_comprehensive,15257.0,7912,0.196,0.139,9108.0,33365.26,358931555,19142898,0.026,0.024,tuition_freeze,0,23169.0,0.3415,0.6585,138960756.0,263985937.12,402946693.12,378074453,15491.89,0.4711,0.6551,0.0939,-0.1482,0.0263,1,0
Toronto Metropolitan University,2021,mid_comprehensive,14491.0,4991,0.207,0.076,7733.0,32562.12,293805504,29030860,0.03,0.031,tuition_freeze,0,19482.0,0.2562,0.7438,112058903.0,162517540.92,274576443.92,322836364,15080.87,0.5169,0.5919,-0.1591,-0.3186,-0.1814,0,1
Toronto Metropolitan University,2022,mid_comprehensive,18273.0,4156,0.268,0.147,8690.0,56471.88,343467332,37414929,0.019,0.043,tuition_freeze,0,22429.0,0.1853,0.8147,158792370.0,234697133.28,393489503.28,380882261,15313.54,0.4661,0.5965,0.1513,0.4331,0.169,0,0
Toronto Metropolitan University,2023,mid_comprehensive,16940.0,8323,0.256,0.073,8187.0,63566.21,404019541,16726264,0.037,-0.001,tuition_freeze,0,25263.0,0.3295,0.6705,138687780.0,529061565.83,667749345.83,420745805,15992.54,0.377,0.7923,0.1264,0.697,0.1763,1,0
Toronto Metropolitan University,2024,mid_comprehensive,14728.0,2217,0.226,0.101,8906.0,56965.94,574801758,49546300,0.016,-0.005,tuition_freeze,1,16945.0,0.1308,0.8692,131167568.0,126293488.98,257461056.98,624348058,33921.61,0.6906,0.4905,-0.3293,-0.6144,0.4227,0,1
Toronto Metropolitan University,2025,mid_comprehensive,11781.0,6392,0.305,0.169,6927.0,37068.81,414736860,31010660,0.041,0.005,tuition_freeze,1,18173.0,0.3517,0.6483,81606987.0,236943833.52,318550820.52,445747520,22821.6,0.5656,0.7438,0.0725,0.2373,-0.2785,1,1
Toronto Metropolitan University,2026,mid_comprehensive,18804.0,3300,0.153,0.07,9373.0,45522.9,359997603,20897916,0.058,0.011,tuition_freeze,1,22104.0,0.1493,0.8507,176249892.0,150225570.0,326475462.0,380895519,16286.54,0.5244,0.4601,0.2163,0.0249,-0.132,0,1
University of Ottawa,2016,large_comprehensive,38407.0,12805,0.223,0.132,8069.5,45891.78,1023860299,93818974,0.061,0.012,market_growth,0,51212.0,0.25,0.75,309925286.5,587644242.9,897569529.4,1117679273,19992.59,0.5329,0.6547,,,,0,1
University of Ottawa,2017,large_comprehensive,39858.0,13144,0.13,0.119,8946.35,45020.18,998638192,84548334,0.041,0.007,market_growth,0,53002.0,0.248,0.752,356583618.3,591745245.92,948328864.22,1083186526,18841.52,0.5129,0.624,0.035,0.0566,-0.0246,0,1
University of Ottawa,2018,large_comprehensive,38081.0,13702,0.139,0.084,7590.16,51269.38,986090970,108243166,0.045,-0.005,market_growth,0,51783.0,0.2646,0.7354,289040882.96,702493044.76,991533927.72,1094334136,19042.75,0.4986,0.7085,-0.023,0.0456,-0.0126,0,0
University of Ottawa,2019,large_comprehensive,38190.0,16531,0.213,0.131,9323.0,54669.19,1038312376,66550116,0.034,0.043,tuition_freeze,0,54721.0,0.3021,0.6979,356045370.0,903736379.89,1259781749.89,1104862492,18974.66,0.4518,0.7174,0.0567,0.2705,0.053,1,0
University of Ottawa,2020,large_comprehensive,38740.0,16534,0.123,0.171,8592.0,34147.12,917456135,78437525,0.026,0.024,tuition_freeze,0,55274.0,0.2991,0.7009,332854080.0,564588482.08,897442562.08,995893660,16598.33,0.5055,0.6291,0.0101,-0.2876,-0.1164,0,1
University of Ottawa,2021,large_comprehensive,52711.0,16216,0.257,0.126,7789.0,61322.48,1026366753,37555255,0.03,0.031,tuition_freeze,0,68927.0,0.2353,0.7647,410565979.0,994405335.68,1404971314.68,1063922008,14890.63,0.4221,0.7078,0.247,0.5655,0.1187,0,0
University of Ottawa,2022,large_comprehensive,41795.0,20552,0.28,0.135,8879.0,34898.97,1174181173,124544322,0.019,0.043,tuition_freeze,0,62347.0,0.3296,0.6704,371097805.0,717243631.44,1088341436.44,1298725495,18833.0,0.519,0.659,-0.0955,-0.2254,0.144,1,1
University of Ottawa,2023,large_comprehensive,35641.0,18402,0.282,0.155,9132.0,61281.12,1307841216,55040015,0.037,-0.001,tuition_freeze,0,54043.0,0.3405,0.6595,325473612.0,1127695170.24,1453168782.24,1362881231,24200.01,0.4737,0.776,-0.1332,0.3352,0.1138,1,0
University of Ottawa,2024,large_comprehensive,48076.0,11844,0.161,0.078,8865.0,32779.77,1234908043,78513212,0.016,-0.005,tuition_freeze,1,59920.0,0.1977,0.8023,426193740.0,388243595.88,814437335.88,1313421255,20609.28,0.6026,0.4767,0.1087,-0.4395,-0.0558,0,1
University of Ottawa,2025,large_comprehensive,37785.0,8252,0.244,0.087,9437.0,38709.64,1121926426,90968123,0.041,0.005,tuition_freeze,1,46037.0,0.1792,0.8208,356577045.0,319431949.28,676008994.28,1212894549,24370.1,0.624,0.4725,-0.2317,-0.17,-0.0915,0,1
University of Ottawa,2026,large_comprehensive,33764.0,17841,0.188,0.076,7787.0,36235.98,876146579,95253089,0.058,0.011,tuition_freeze,1,51605.0,0.3457,0.6543,262920268.0,646486119.18,909406387.18,971399668,16977.94,0.4907,0.7109,0.1209,0.3453,-0.2191,1,0
University of Toronto,2016,large_research,43795.0,7860,0.239,0.102,9292.94,54928.09,856086566,69825615,0.061,0.012,market_growth,0,51655.0,0.1522,0.8478,406984307.3,431734787.4,838719094.7,925912181,16573.16,0.5051,0.5148,,,,0,1
University of Toronto,2017,large_research,44070.0,7921,0.187,0.06,9548.16,47816.45,824561324,67625067,0.041,0.007,market_growth,0,51991.0,0.1524,0.8476,420787411.2,378754100.45,799541511.65,892186391,15859.69,0.5077,0.4737,0.0065,-0.0467,-0.0368,0,1
University of Toronto,2018,large_research,43734.0,8691,0.264,0.171,8111.99,49205.23,905122090,61987241,0.045,-0.005,market_growth,0,52425.0,0.1658,0.8342,354769770.66,427642653.93,782412424.59,967109331,17265.09,0.5364,0.5466,0.0083,-0.0214,0.0977,0,1
University of Toronto,2019,large_research,48461.0,10649,0.121,0.043,7676.0,46138.24,795391106,80175318,0.034,0.043,tuition_freeze,0,59110.0,0.1802,0.8198,371986636.0,491326117.76,863312753.76,875566424,13456.12,0.4795,0.5691,0.1275,0.1034,-0.1212,0,0
University of Toronto,2020,large_research,37836.0,10269,0.129,0.176,9124.0,51496.45,713291542,54063376,0.026,0.024,tuition_freeze,0,48105.0,0.2135,0.7865,345215664.0,528817045.05,874032709.05,767354918,14827.8,0.4494,0.605,-0.1862,0.0124,-0.1032,0,0
University of Toronto,2021,large_research,44562.0,9491,0.244,0.094,8405.0,38739.92,937373103,68495839,0.03,0.031,tuition_freeze,0,54053.0,0.1756,0.8244,374543610.0,367680580.72,742224190.72,1005868942,17341.74,0.5581,0.4954,0.1236,-0.1508,0.3142,0,1
University of Toronto,2022,large_research,45819.0,11100,0.292,0.135,9197.0,46686.89,971719018,62331270,0.019,0.043,tuition_freeze,0,56919.0,0.195,0.805,421397343.0,518224479.0,939621822.0,1034050288,17071.96,0.5084,0.5515,0.053,0.266,0.0366,0,1
University of Toronto,2023,large_research,44635.0,10611,0.308,0.119,7960.0,45922.78,1031943983,103331884,0.037,-0.001,tuition_freeze,0,55246.0,0.1921,0.8079,355294600.0,487286618.58,842581218.58,1135275867,18679.07,0.5505,0.5783,-0.0294,-0.1033,0.062,0,1
University of Toronto,2024,large_research,45750.0,7378,0.168,0.136,6874.0,58559.04,804790910,87905142,0.016,-0.005,tuition_freeze,1,53128.0,0.1389,0.8611,314485500.0,432048597.12,746534097.12,892696052,15148.15,0.5188,0.5787,-0.0383,-0.114,-0.2201,0,1
University of Toronto,2025,large_research,56321.0,8693,0.198,0.066,8670.0,41425.23,646674331,19412517,0.041,0.005,tuition_freeze,1,65014.0,0.1337,0.8663,488303070.0,360109524.39,848412594.39,666086848,9946.69,0.4325,0.4245,0.2237,0.1365,-0.1965,0,0
University of Toronto,2026,large_research,43776.0,13499,0.234,0.044,8821.0,46302.88,892036415,93313425,0.058,0.011,tuition_freeze,1,57275.0,0.2357,0.7643,386148096.0,625042577.12,1011190673.12,985349840,15574.62,0.4687,0.6181,-0.119,0.1919,0.3794,0,0
University of Waterloo,2016,large_research,34873.0,12675,0.138,0.067,9636.36,39000.26,750775290,82461200,0.061,0.012,market_growth,0,47548.0,0.2666,0.7334,336048782.28,494328295.5,830377077.78,833236490,15789.84,0.4748,0.5953,,,,0,0
University of Waterloo,2017,large_research,35079.0,13092,0.198,0.078,8368.44,56307.62,776314470,48251416,0.041,0.007,market_growth,0,48171.0,0.2718,0.7282,293556506.76,737179361.04,1030735867.8,824565886,16115.81,0.4296,0.7152,0.0131,0.2413,0.034,0,0
University of Waterloo,2018,large_research,34852.0,14984,0.176,0.116,8150.69,58980.08,750322232,51314574,0.045,-0.005,market_growth,0,49836.0,0.3007,0.6993,284067847.88,883757518.72,1167825366.6,801636806,15055.83,0.3912,0.7568,0.0346,0.133,-0.0335,1,0
University of Waterloo,2019,large_research,36340.0,13834,0.135,0.178,8987.0,63531.35,816948971,88824147,0.034,0.043,tuition_freeze,0,50174.0,0.2757,0.7243,326587580.0,878892695.9,1205480275.9,905773118,16282.32,0.4039,0.7291,0.0068,0.0322,0.0888,0,0
University of Waterloo,2020,large_research,34292.0,16581,0.121,0.154,8373.0,34517.43,754160732,47829886,0.026,0.024,tuition_freeze,0,50873.0,0.3259,0.6741,287126916.0,572333506.83,859460422.83,801990618,14824.38,0.4674,0.6659,0.0139,-0.287,-0.0769,1,0
University of Waterloo,2021,large_research,39756.0,18818,0.274,0.05,8717.0,53529.44,878201476,34107526,0.03,0.031,tuition_freeze,0,58574.0,0.3213,0.6787,346553052.0,1007317001.92,1353870053.92,912309002,14993.03,0.3934,0.744,0.1514,0.5753,0.1645,1,0
University of Waterloo,2022,large_research,37238.0,15368,0.293,0.127,9106.0,53538.81,716616829,37965728,0.019,0.043,tuition_freeze,0,52606.0,0.2921,0.7079,339089228.0,822784432.08,1161873660.08,754582557,13622.34,0.3815,0.7082,-0.1019,-0.1418,-0.184,0,0
University of Waterloo,2023,large_research,34720.0,16408,0.182,0.086,7701.0,47099.62,719426941,24005446,0.037,-0.001,tuition_freeze,0,51128.0,0.3209,0.6791,267378720.0,772810564.96,1040189284.96,743432387,14071.09,0.4089,0.743,-0.0281,-0.1047,0.0039,1,0
University of Waterloo,2024,large_research,41708.0,14265,0.214,0.057,8473.0,33578.63,739911269,23255348,0.016,-0.005,tuition_freeze,1,55973.0,0.2549,0.7451,353391884.0,478999156.95,832391040.95,763166617,13219.07,0.4706,0.5754,0.0948,-0.1998,0.0285,0,0
University of Waterloo,2025,large_research,43748.0,13710,0.274,0.109,8860.0,37410.83,831232461,50494156,0.041,0.005,tuition_freeze,1,57458.0,0.2386,0.7614,387607280.0,512902479.3,900509759.3,881726617,14466.78,0.48,0.5696,0.0265,0.0818,0.1234,0,0
University of Waterloo,2026,large_research,23389.0,18158,0.142,0.044,8436.0,43704.75,881799156,74398966,0.058,0.011,tuition_freeze,1,41547.0,0.437,0.563,197309604.0,793590850.5,990900454.5,956198122,21224.14,0.4709,0.8009,-0.2769,0.1004,0.0608,1,0
Western University,2016,large_research,40688.0,15958,0.317,0.096,7878.93,37105.39,608803950,19962202,0.061,0.012,market_growth,0,56646.0,0.2817,0.7183,320577903.84,592127813.62,912705717.46,628766152,10747.52,0.4001,0.6488,,,,0,0
Western University,2017,large_research,41388.0,17023,0.15,0.111,8275.71,42534.67,591500518,30661464,0.041,0.007,market_growth,0,58411.0,0.2914,0.7086,342515085.48,724067687.41,1066582772.89,622161982,10126.53,0.3567,0.6789,0.0312,0.1686,-0.0284,0,0
Western University,2018,large_research,42515.0,18006,0.185,0.071,8925.13,37171.16,604172874,41164802,0.045,-0.005,market_growth,0,60521.0,0.2975,0.7025,379451901.95,669303906.96,1048755808.91,645337676,9982.86,0.3655,0.6382,0.0361,-0.0167,0.0214,0,0
Western University,2019,large_research,43685.0,19506,0.19,0.053,9426.0,49891.89,628663869,65712448,0.034,0.043,tuition_freeze,0,63191.0,0.3087,0.6913,411774810.0,973191206.34,1384966016.34,694376317,9948.63,0.3122,0.7027,0.0441,0.3206,0.0405,1,0
Western University,2020,large_research,41576.0,20892,0.224,0.157,8446.0,38038.59,590971427,31032664,0.026,0.024,tuition_freeze,0,62468.0,0.3344,0.6656,351150896.0,794702222.28,1145853118.28,622004091,9460.39,0.3403,0.6935,-0.0114,-0.1726,-0.06,1,0
Western University,2021,large_research,46950.0,23440,0.162,0.116,8112.0,60329.88,593057554,63439222,0.03,0.031,tuition_freeze,0,70390.0,0.333,0.667,380858400.0,1414132387.2,1794990787.2,656496776,8425.31,0.2483,0.7878,0.1268,0.5665,0.0035,1,0
Western University,2022,large_research,38191.0,24579,0.155,0.178,9004.0,44452.86,635568200,64547285,0.019,0.043,tuition_freeze,0,62770.0,0.3916,0.6084,343871764.0,1092606845.94,1436478609.94,700115485,10125.35,0.3067,0.7606,-0.1083,-0.1997,0.0717,1,0
Western University,2023,large_research,34624.0,22418,0.319,0.175,7920.0,44476.75,665395633,68217090,0.037,-0.001,tuition_freeze,0,57042.0,0.393,0.607,274222080.0,997079781.5,1271301861.5,733612723,11665.01,0.3436,0.7843,-0.0913,-0.115,0.0469,1,0
Western University,2024,large_research,49966.0,16171,0.176,0.138,8077.0,34145.84,774506413,58634407,0.016,-0.005,tuition_freeze,1,66137.0,0.2445,0.7555,403575382.0,552172378.64,955747760.64,833140820,11710.64,0.4476,0.5777,0.1594,-0.2482,0.164,0,0
Western University,2025,large_research,44482.0,14446,0.298,0.159,9445.0,60142.96,739240753,73302692,0.041,0.005,tuition_freeze,1,58928.0,0.2451,0.7549,420132490.0,868825200.16,1288957690.16,812543445,12544.81,0.3645,0.6741,-0.109,0.3486,-0.0455,0,0
Western University,2026,large_research,51262.0,28025,0.308,0.176,7941.0,61058.59,975775232,86563746,0.058,0.011,tuition_freeze,1,79287.0,0.3535,0.6465,407071542.0,1711166984.75,2118238526.75,1062338978,12306.88,0.3154,0.8078,0.3455,0.6434,0.32,1,0
York University,2016,large_comprehensive,28863.0,12455,0.171,0.081,8857.94,31838.9,1016134800,39901081,0.061,0.012,market_growth,0,41318.0,0.3014,0.6986,255666722.22,396553499.5,652220221.72,1056035881,24593.03,0.6091,0.608,,,,1,1
York University,2017,large_comprehensive,29552.0,12791,0.147,0.139,8873.82,54222.42,1024282624,53946339,0.041,0.007,market_growth,0,42343.0,0.3021,0.6979,262239128.64,693558974.22,955798102.86,1078228963,24190.13,0.5173,0.7256,0.0248,0.4655,0.008,1,1
York University,2018,large_comprehensive,27469.0,14092,0.204,0.076,8618.61,48336.17,1047703642,32975652,0.045,-0.005,market_growth,0,41561.0,0.3391,0.6609,236744598.09,681153307.64,917897905.73,1080679294,25208.82,0.533,0.7421,-0.0185,-0.0397,0.0229,1,1
York University,2019,large_comprehensive,28415.0,14534,0.121,0.128,7735.0,35762.75,1121243470,68813062,0.034,0.043,tuition_freeze,0,42949.0,0.3384,0.6616,219790025.0,519775808.5,739565833.5,1190056532,26106.39,0.6026,0.7028,0.0334,-0.1943,0.0702,1,1
York University,2020,large_comprehensive,28631.0,14564,0.297,0.044,7001.0,52399.61,1016351006,91772335,0.026,0.024,tuition_freeze,0,43195.0,0.3372,0.6628,200445631.0,763147920.04,963593551.04,1108123341,23529.37,0.5133,0.792,0.0057,0.3029,-0.0936,1,1
York University,2021,large_comprehensive,26077.0,22445,0.254,0.086,9160.0,36137.07,944270480,99888548,0.03,0.031,tuition_freeze,0,48522.0,0.4626,0.5374,238865320.0,811096536.15,1049961856.15,1044159028,19460.67,0.4735,0.7725,0.1233,0.0896,-0.0709,1,0
York University,2022,large_comprehensive,30765.0,16751,0.17,0.045,9091.0,50013.7,1100335579,100877383,0.019,0.043,tuition_freeze,0,47516.0,0.3525,0.6475,279684615.0,837779488.7,1117464103.7,1201212962,23157.16,0.4961,0.7497,-0.0207,0.0643,0.1653,1,0
York University,2023,large_comprehensive,31896.0,10048,0.185,0.156,8425.0,42925.98,1072842850,37156449,0.037,-0.001,tuition_freeze,0,41944.0,0.2396,0.7604,268723800.0,431320247.04,700044047.04,1109999299,25577.98,0.6051,0.6161,-0.1173,-0.3735,-0.025,0,1
York University,2024,large_comprehensive,36502.0,11421,0.202,0.138,7274.0,58910.87,1447730867,52082919,0.016,-0.005,tuition_freeze,1,47923.0,0.2383,0.7617,265515548.0,672821046.27,938336594.27,1499813786,30209.52,0.6067,0.717,0.1425,0.3404,0.3494,0,1
York University,2025,large_comprehensive,30478.0,8943,0.269,0.075,9194.0,35753.83,1029399762,84210965,0.041,0.005,tuition_freeze,1,39421.0,0.2269,0.7731,280214732.0,319746501.69,599961233.69,1113610727,26112.98,0.6318,0.5329,-0.1774,-0.3606,-0.289,0,1
York University,2026,large_comprehensive,42750.0,9668,0.303,0.102,7562.0,46324.76,1599210879,124021472,0.058,0.011,tuition_freeze,1,52418.0,0.1844,0.8156,323275500.0,447867779.68,771143279.68,1723232351,30508.81,0.6747,0.5808,0.3297,0.2853,0.5535,0,1
